name,school,sex,age,address,famsize,Pstatus,Medu,Fedu,Mjob,Fjob,reason,guardian,traveltime,studytime,failures,schoolsup,famsup,paid,activities,nursery,higher,internet,romantic,famrel,freetime,goout,Dalc,Walc,health,absences,attendance_rate,G1,G2,G3
Aarav Sharma001,GP,F,18,U,GT3,A,4,4,at_home,teacher,course,mother,2,2,0,yes,no,no,no,yes,yes,no,no,4,3,4,1,1,3,6,94,5,6,6
Diya Patel002,GP,F,17,U,GT3,T,1,1,at_home,other,course,father,1,2,0,no,yes,no,no,no,yes,yes,no,5,3,3,1,1,3,4,96,5,5,6
Ishaan Verma003,GP,F,15,U,LE3,T,1,1,at_home,other,other,mother,1,2,3,yes,no,yes,no,yes,yes,yes,no,4,3,2,2,3,3,10,90,7,8,10
Ananya Gupta004,GP,F,15,U,GT3,T,4,2,health,services,home,mother,1,3,0,no,yes,yes,yes,yes,yes,yes,yes,3,2,2,1,1,5,2,98,15,14,15
Kabir Mehta005,GP,F,16,U,GT3,T,3,3,other,other,home,father,1,2,0,no,yes,yes,no,yes,yes,no,no,4,3,2,1,2,5,4,96,6,10,10
Meera Reddy006,GP,M,16,U,LE3,T,4,3,services,other,reputation,mother,1,2,0,no,yes,yes,yes,yes,yes,yes,no,5,4,2,1,2,5,10,90,15,15,15
Rohan Nair007,GP,M,16,U,LE3,T,2,2,other,other,home,mother,1,2,0,no,no,no,no,yes,yes,yes,no,4,4,4,1,1,3,0,100,12,12,11
Priya Khan008,GP,F,17,U,GT3,A,4,4,other,teacher,home,mother,2,2,0,yes,yes,no,no,yes,yes,no,no,4,1,4,1,1,1,6,94,6,5,6
Arjun Joshi009,GP,M,15,U,LE3,A,3,2,services,other,home,mother,1,2,0,no,yes,yes,no,yes,yes,yes,no,4,2,2,1,1,1,0,100,16,18,19
Sara Iyer010,GP,M,15,U,GT3,T,3,4,other,other,home,mother,1,2,0,no,yes,yes,yes,yes,yes,yes,no,5,5,1,1,1,5,0,100,14,15,15
Vivaan Rao011,GP,F,15,U,GT3,T,4,4,teacher,health,reputation,mother,1,2,0,no,yes,yes,no,yes,yes,yes,no,3,3,3,1,2,2,0,100,10,8,9
Aisha Singh012,GP,F,15,U,GT3,T,2,1,services,other,reputation,father,3,3,0,no,yes,no,yes,yes,yes,yes,no,5,2,2,1,1,4,4,96,10,12,12
Karan Das013,GP,M,15,U,LE3,T,4,4,health,services,course,father,1,1,0,no,yes,yes,yes,yes,yes,yes,no,4,3,3,1,3,5,2,98,14,14,14
Neha Malhotra014,GP,M,15,U,GT3,T,4,3,teacher,other,course,mother,2,2,0,no,yes,yes,no,yes,yes,yes,no,5,4,3,1,2,3,2,98,10,10,11
Aditya Chopra015,GP,M,15,U,GT3,A,2,2,other,other,home,other,1,3,0,no,yes,no,no,yes,yes,yes,yes,4,5,2,1,1,3,0,100,14,16,16
Pooja Bose016,GP,F,16,U,GT3,T,4,4,health,other,home,mother,1,1,0,no,yes,no,no,yes,yes,yes,no,4,4,4,1,2,2,4,96,14,14,14
Rahul Kapoor017,GP,F,16,U,GT3,T,4,4,services,services,reputation,mother,1,3,0,no,yes,yes,yes,yes,yes,yes,no,3,2,3,1,2,2,6,94,13,14,14
Sneha Kulkarni018,GP,F,16,U,GT3,T,3,3,other,other,reputation,mother,3,2,0,yes,yes,no,yes,yes,yes,no,no,5,3,2,1,1,4,4,96,8,10,10
Nikhil Mishra019,GP,M,17,U,GT3,T,3,2,services,services,course,mother,1,1,3,no,yes,no,yes,yes,yes,yes,no,5,5,5,2,4,5,16,84,6,5,5
Tanya Agarwal020,GP,M,16,U,LE3,T,4,3,health,other,home,father,1,1,0,no,no,yes,yes,yes,yes,yes,no,3,1,3,1,3,5,4,96,8,10,10
Yash Bhat021,GP,M,15,U,GT3,T,4,3,teacher,other,reputation,mother,1,2,0,no,no,no,no,yes,yes,yes,no,4,4,1,1,1,1,0,100,13,14,15
Riya Menon022,GP,M,15,U,GT3,T,4,4,health,health,other,father,1,1,0,no,yes,yes,no,yes,yes,yes,no,5,4,2,1,1,5,0,100,12,15,15
Manav Saxena023,GP,M,16,U,LE3,T,4,2,teacher,other,course,mother,1,2,0,no,no,no,yes,yes,yes,yes,no,4,5,1,1,3,5,2,98,15,15,16
Kavya Jain024,GP,M,16,U,LE3,T,2,2,other,other,reputation,mother,2,2,0,no,yes,no,yes,yes,yes,yes,no,5,4,4,2,4,5,0,100,13,13,12
Aarav Sharma025,GP,F,15,R,GT3,T,2,4,services,health,course,mother,1,3,0,yes,yes,yes,yes,yes,yes,yes,no,4,3,2,1,1,5,2,98,10,9,8
Diya Patel026,GP,F,16,U,GT3,T,2,2,services,services,home,mother,1,1,2,no,yes,yes,no,no,yes,yes,no,1,2,2,1,3,5,14,86,6,9,8
Ishaan Verma027,GP,M,15,U,GT3,T,2,2,other,other,home,mother,1,1,0,no,yes,yes,no,yes,yes,yes,no,4,2,2,1,2,5,2,98,12,12,11
Ananya Gupta028,GP,M,15,U,GT3,T,4,2,health,services,other,mother,1,1,0,no,no,yes,no,yes,yes,yes,no,2,2,4,2,4,1,4,96,15,16,15
Kabir Mehta029,GP,M,16,U,LE3,A,3,4,services,other,home,mother,1,2,0,yes,yes,no,yes,yes,yes,yes,no,5,3,3,1,1,5,4,96,11,11,11
Meera Reddy030,GP,M,16,U,GT3,T,4,4,teacher,teacher,home,mother,1,2,0,no,yes,yes,yes,yes,yes,yes,yes,4,4,5,5,5,5,16,84,10,12,11
Rohan Nair031,GP,M,15,U,GT3,T,4,4,health,services,home,mother,1,2,0,no,yes,yes,no,no,yes,yes,no,5,4,2,3,4,5,0,100,9,11,12
Priya Khan032,GP,M,15,U,GT3,T,4,4,services,services,reputation,mother,2,2,0,no,yes,no,yes,yes,yes,yes,no,4,3,1,1,1,5,0,100,17,16,17
Arjun Joshi033,GP,M,15,R,GT3,T,4,3,teacher,at_home,course,mother,1,2,0,no,yes,no,yes,yes,yes,yes,yes,4,5,2,1,1,5,0,100,17,16,16
Sara Iyer034,GP,M,15,U,LE3,T,3,3,other,other,course,mother,1,2,0,no,no,no,yes,no,yes,yes,no,5,3,2,1,1,2,0,100,8,10,12
Vivaan Rao035,GP,M,16,U,GT3,T,3,2,other,other,home,mother,1,1,0,no,yes,yes,no,no,yes,yes,no,5,4,3,1,1,5,0,100,12,14,15
Aisha Singh036,GP,F,15,U,GT3,T,2,3,other,other,other,father,2,1,0,no,yes,no,yes,yes,yes,no,no,3,5,1,1,1,5,0,100,8,7,6
Karan Das037,GP,M,15,U,LE3,T,4,3,teacher,services,home,mother,1,3,0,no,yes,no,yes,yes,yes,yes,no,5,4,3,1,1,4,2,98,15,16,18
Neha Malhotra038,GP,M,16,R,GT3,A,4,4,other,teacher,reputation,mother,2,3,0,no,yes,no,yes,yes,yes,yes,yes,2,4,3,1,1,5,7,93,15,16,15
Aditya Chopra039,GP,F,15,R,GT3,T,3,4,services,health,course,mother,1,3,0,yes,yes,yes,yes,yes,yes,yes,no,4,3,2,1,1,5,2,98,12,12,11
Pooja Bose040,GP,F,15,R,GT3,T,2,2,at_home,other,reputation,mother,1,1,0,yes,yes,yes,yes,yes,yes,no,no,4,3,1,1,1,2,8,92,14,13,13
Rahul Kapoor041,GP,F,16,U,LE3,T,2,2,other,other,home,mother,2,2,1,no,yes,no,yes,no,yes,yes,yes,3,3,3,1,2,3,25,75,7,10,11
Sneha Kulkarni042,GP,M,15,U,LE3,T,4,4,teacher,other,home,other,1,1,0,no,yes,no,no,no,yes,yes,yes,5,4,3,2,4,5,8,92,12,12,12
Nikhil Mishra043,GP,M,15,U,GT3,T,4,4,services,teacher,course,father,1,2,0,no,yes,no,yes,yes,yes,yes,no,4,3,3,1,1,5,2,98,19,18,18
Tanya Agarwal044,GP,M,15,U,GT3,T,2,2,services,services,course,father,1,1,0,yes,yes,no,no,yes,yes,yes,no,5,4,1,1,1,1,0,100,8,8,11
Yash Bhat045,GP,F,16,U,LE3,T,2,2,other,at_home,course,father,2,2,1,yes,no,no,yes,yes,yes,yes,no,4,3,3,2,2,5,14,86,10,10,9
Riya Menon046,GP,F,15,U,LE3,A,4,3,other,other,course,mother,1,2,0,yes,yes,yes,yes,yes,yes,yes,yes,5,2,2,1,1,5,8,92,8,8,6
Manav Saxena047,GP,F,16,U,LE3,A,3,3,other,services,home,mother,1,2,0,no,yes,no,no,yes,yes,yes,no,2,3,5,1,4,3,12,88,11,12,11
Kavya Jain048,GP,M,16,U,GT3,T,4,3,health,services,reputation,mother,1,4,0,no,no,no,yes,yes,yes,yes,no,4,2,2,1,1,2,4,96,19,19,20
Aarav Sharma049,GP,M,15,U,GT3,T,4,2,teacher,other,home,mother,1,2,0,no,yes,yes,no,yes,yes,no,no,4,3,3,2,2,5,2,98,15,15,14
Diya Patel050,GP,F,15,U,GT3,T,4,4,services,teacher,other,father,1,2,1,yes,yes,no,yes,no,yes,yes,no,4,4,4,1,1,3,2,98,7,7,7
Ishaan Verma051,GP,F,16,U,LE3,T,2,2,services,services,course,mother,3,2,0,no,yes,yes,no,yes,yes,yes,no,4,3,3,2,3,4,2,98,12,13,13
Ananya Gupta052,GP,F,15,U,LE3,T,4,2,health,other,other,mother,1,2,0,no,yes,yes,no,yes,yes,yes,no,4,3,3,1,1,5,2,98,11,13,13
Kabir Mehta053,GP,M,15,U,LE3,A,4,2,health,health,other,father,2,1,1,no,no,no,no,yes,yes,no,no,5,5,5,3,4,5,6,94,11,11,10
Meera Reddy054,GP,F,15,U,GT3,T,4,4,services,services,course,mother,1,1,0,yes,yes,yes,no,yes,yes,yes,no,3,3,4,2,3,5,0,100,8,10,11
Rohan Nair055,GP,F,15,U,LE3,A,3,3,other,other,other,mother,1,1,0,no,no,yes,no,yes,yes,yes,no,5,3,4,4,4,1,6,94,10,13,13
Priya Khan056,GP,F,16,U,GT3,A,2,1,other,other,other,mother,1,2,0,no,no,yes,yes,yes,yes,yes,yes,5,3,4,1,1,2,8,92,8,9,10
Arjun Joshi057,GP,F,15,U,GT3,A,4,3,services,services,reputation,mother,1,2,0,no,yes,yes,yes,yes,yes,yes,no,4,3,2,1,1,1,0,100,14,15,15
Sara Iyer058,GP,M,15,U,GT3,T,4,4,teacher,health,reputation,mother,1,2,0,no,yes,no,yes,yes,yes,no,no,3,2,2,1,1,5,4,96,14,15,15
Vivaan Rao059,GP,M,15,U,LE3,T,1,2,other,at_home,home,father,1,2,0,yes,yes,no,yes,yes,yes,yes,no,4,3,2,1,1,5,2,98,9,10,9
Aisha Singh060,GP,F,16,U,GT3,T,4,2,services,other,course,mother,1,2,0,no,yes,no,no,yes,yes,yes,no,4,2,3,1,1,5,2,98,15,16,16
Karan Das061,GP,F,16,R,GT3,T,4,4,health,teacher,other,mother,1,2,0,no,yes,no,yes,yes,yes,no,no,2,4,4,2,3,4,6,94,10,11,11
Neha Malhotra062,GP,F,16,U,GT3,T,1,1,services,services,course,father,4,1,0,yes,yes,no,yes,no,yes,yes,yes,5,5,5,5,5,5,6,94,10,8,11
Aditya Chopra063,GP,F,16,U,LE3,T,1,2,other,services,reputation,father,1,2,0,yes,no,no,yes,yes,yes,yes,no,4,4,3,1,1,1,4,96,8,10,9
Pooja Bose064,GP,F,16,U,GT3,T,4,3,teacher,health,home,mother,1,3,0,yes,yes,yes,yes,yes,yes,yes,no,3,4,4,2,4,4,2,98,10,9,9
Rahul Kapoor065,GP,F,15,U,LE3,T,4,3,services,services,reputation,father,1,2,0,yes,no,no,yes,yes,yes,yes,yes,4,4,4,2,4,2,0,100,10,10,10
Sneha Kulkarni066,GP,F,16,U,LE3,T,4,3,teacher,services,course,mother,3,2,0,no,yes,no,yes,yes,yes,yes,no,5,4,3,1,2,1,2,98,16,15,15
Nikhil Mishra067,GP,M,15,U,GT3,A,4,4,other,services,reputation,mother,1,4,0,no,yes,no,yes,no,yes,yes,yes,1,3,3,5,5,3,4,96,13,13,12
Tanya Agarwal068,GP,F,16,U,GT3,T,3,1,services,other,course,mother,1,4,0,yes,yes,yes,no,yes,yes,yes,no,4,3,3,1,2,5,4,96,7,7,6
Yash Bhat069,GP,F,15,R,LE3,T,2,2,health,services,reputation,mother,2,2,0,yes,yes,yes,no,yes,yes,yes,no,4,1,3,1,3,4,2,98,8,9,8
Riya Menon070,GP,F,15,R,LE3,T,3,1,other,other,reputation,father,2,4,0,no,yes,no,no,no,yes,yes,no,4,4,2,2,3,3,12,88,16,16,16
Manav Saxena071,GP,M,16,U,GT3,T,3,1,other,other,reputation,father,2,4,0,no,yes,yes,no,yes,yes,yes,no,4,3,2,1,1,5,0,100,13,15,15
Kavya Jain072,GP,M,15,U,GT3,T,4,2,other,other,course,mother,1,4,0,no,no,no,no,yes,yes,yes,no,3,3,3,1,1,3,0,100,10,10,10
Aarav Sharma073,GP,F,15,R,GT3,T,1,1,other,other,reputation,mother,1,2,2,yes,yes,no,no,no,yes,yes,yes,3,3,4,2,4,5,2,98,8,6,5
Diya Patel074,GP,M,16,U,GT3,T,3,1,other,other,reputation,mother,1,1,0,no,no,no,yes,yes,yes,no,no,5,3,2,2,2,5,2,98,12,12,14
Ishaan Verma075,GP,F,16,U,GT3,T,3,3,other,services,home,mother,1,2,0,yes,yes,yes,yes,yes,yes,yes,no,4,3,3,2,4,5,54,46,11,12,11
Ananya Gupta076,GP,M,15,U,GT3,T,4,3,teacher,other,home,mother,1,2,0,no,yes,yes,yes,yes,yes,yes,no,4,3,3,2,3,5,6,94,9,9,10
Kabir Mehta077,GP,M,15,U,GT3,T,4,0,teacher,other,course,mother,2,4,0,no,no,no,yes,yes,yes,yes,no,3,4,3,1,1,1,8,92,11,11,10
Meera Reddy078,GP,F,16,U,GT3,T,2,2,other,other,reputation,mother,1,4,0,no,no,yes,no,yes,yes,yes,yes,5,2,3,1,3,3,0,100,11,11,11
Rohan Nair079,GP,M,17,U,GT3,T,2,1,other,other,home,mother,2,1,3,yes,yes,no,yes,yes,no,yes,no,4,5,1,1,1,3,2,98,8,8,10
Priya Khan080,GP,F,16,U,GT3,T,3,4,at_home,other,course,mother,1,2,0,no,yes,no,no,yes,yes,yes,no,2,4,3,1,2,3,12,88,5,5,5
Arjun Joshi081,GP,M,15,U,GT3,T,2,3,other,services,course,father,1,1,0,yes,yes,yes,yes,no,yes,yes,yes,3,2,2,1,3,3,2,98,10,12,12
Sara Iyer082,GP,M,15,U,GT3,T,2,3,other,other,home,mother,1,3,0,yes,no,yes,no,no,yes,yes,no,5,3,2,1,2,5,4,96,11,10,11
Vivaan Rao083,GP,F,15,U,LE3,T,3,2,services,other,reputation,mother,1,2,0,no,yes,yes,no,yes,yes,yes,no,4,4,4,1,1,5,10,90,7,6,6
Aisha Singh084,GP,M,15,U,LE3,T,2,2,services,services,home,mother,2,2,0,no,no,yes,yes,yes,yes,yes,no,5,3,3,1,3,4,4,96,15,15,15
Karan Das085,GP,F,15,U,GT3,T,1,1,other,other,home,father,1,2,0,no,yes,no,yes,no,yes,yes,no,4,3,2,2,3,4,2,98,9,10,10
Neha Malhotra086,GP,F,15,U,GT3,T,4,4,services,services,reputation,father,2,2,2,no,no,yes,no,yes,yes,yes,yes,4,4,4,2,3,5,6,94,7,9,8
Aditya Chopra087,GP,F,16,U,LE3,T,2,2,at_home,other,course,mother,1,2,0,no,yes,no,no,yes,yes,no,no,4,3,4,1,2,2,4,96,8,7,6
Pooja Bose088,GP,F,15,U,GT3,T,4,2,other,other,reputation,mother,1,3,0,no,yes,no,yes,yes,yes,yes,no,5,3,3,1,3,1,4,96,13,14,14
Rahul Kapoor089,GP,M,16,U,GT3,T,2,2,services,other,reputation,father,2,2,1,no,no,yes,yes,no,yes,yes,no,4,4,2,1,1,3,12,88,11,10,10
Sneha Kulkarni090,GP,M,16,U,LE3,A,4,4,teacher,health,reputation,mother,1,2,0,no,yes,no,no,yes,yes,no,no,4,1,3,3,5,5,18,82,8,6,7
Nikhil Mishra091,GP,F,16,U,GT3,T,3,3,other,other,home,mother,1,3,0,no,yes,yes,no,yes,yes,yes,yes,4,3,3,1,3,4,0,100,7,7,8
Tanya Agarwal092,GP,F,15,U,GT3,T,4,3,services,other,reputation,mother,1,1,0,no,no,yes,yes,yes,yes,yes,no,4,5,5,1,3,1,4,96,16,17,18
Yash Bhat093,GP,F,16,U,LE3,T,3,1,other,other,home,father,1,2,0,yes,yes,no,no,yes,yes,no,no,3,3,3,2,3,2,4,96,7,6,6
Riya Menon094,GP,F,16,U,GT3,T,4,2,teacher,services,home,mother,2,2,0,no,yes,yes,yes,yes,yes,yes,no,5,3,3,1,1,1,0,100,11,10,10
Manav Saxena095,GP,M,15,U,LE3,T,2,2,services,health,reputation,mother,1,4,0,no,yes,no,yes,yes,yes,yes,no,4,3,4,1,1,4,6,94,11,13,14
Kavya Jain096,GP,F,15,R,GT3,T,1,1,at_home,other,home,mother,2,4,1,yes,yes,yes,yes,yes,yes,yes,no,3,1,2,1,1,1,2,98,7,10,10
Aarav Sharma097,GP,M,16,R,GT3,T,4,3,services,other,reputation,mother,2,1,0,yes,yes,no,yes,no,yes,yes,no,3,3,3,1,1,4,2,98,11,15,15
Diya Patel098,GP,F,16,U,GT3,T,2,1,other,other,course,mother,1,2,0,no,yes,yes,no,yes,yes,no,yes,4,3,5,1,1,5,2,98,8,9,10
Ishaan Verma099,GP,F,16,U,GT3,T,4,4,other,other,reputation,mother,1,1,0,no,no,no,yes,no,yes,yes,no,5,3,4,1,2,1,6,94,11,14,14
Ananya Gupta100,GP,F,16,U,GT3,T,4,3,other,at_home,course,mother,1,3,0,yes,yes,yes,no,yes,yes,yes,no,5,3,5,1,1,3,0,100,7,9,8
Kabir Mehta101,GP,M,16,U,GT3,T,4,4,services,services,other,mother,1,1,0,yes,yes,yes,yes,yes,yes,yes,no,4,5,5,5,5,4,14,86,7,7,5
Meera Reddy102,GP,M,16,U,GT3,T,4,4,services,teacher,other,father,1,3,0,no,yes,no,yes,yes,yes,yes,yes,4,4,3,1,1,4,0,100,16,17,17
Rohan Nair103,GP,M,15,U,GT3,T,4,4,services,other,course,mother,1,1,0,no,yes,no,yes,no,yes,yes,no,5,3,3,1,1,5,4,96,10,13,14
Priya Khan104,GP,F,15,U,GT3,T,3,2,services,other,home,mother,2,2,0,yes,yes,yes,no,yes,yes,yes,no,4,3,5,1,1,2,26,74,7,6,6
Arjun Joshi105,GP,M,15,U,GT3,A,3,4,services,other,course,mother,1,2,0,no,yes,yes,yes,yes,yes,yes,no,5,4,4,1,1,1,0,100,16,18,18
Sara Iyer106,GP,F,15,U,GT3,A,3,3,other,health,reputation,father,1,4,0,yes,no,no,no,yes,yes,no,no,4,3,3,1,1,4,10,90,10,11,11
Vivaan Rao107,GP,F,15,U,GT3,T,2,2,other,other,course,mother,1,4,0,yes,yes,yes,no,yes,yes,yes,no,5,1,2,1,1,3,8,92,7,8,8
Aisha Singh108,GP,M,16,U,GT3,T,3,3,services,other,home,father,1,3,0,no,yes,no,yes,yes,yes,yes,no,5,3,3,1,1,5,2,98,16,18,18
Karan Das109,GP,M,15,R,GT3,T,4,4,other,other,home,father,4,4,0,no,yes,yes,yes,yes,yes,yes,yes,1,3,5,3,5,1,6,94,10,13,13
Neha Malhotra110,GP,F,16,U,LE3,T,4,4,health,health,other,mother,1,3,0,no,yes,yes,yes,yes,yes,yes,yes,5,4,5,1,1,4,4,96,14,15,16
Aditya Chopra111,GP,M,15,U,LE3,A,4,4,teacher,teacher,course,mother,1,1,0,no,no,no,yes,yes,yes,yes,no,5,5,3,1,1,4,6,94,18,19,19
Pooja Bose112,GP,F,16,R,GT3,T,3,3,services,other,reputation,father,1,3,1,yes,yes,no,yes,yes,yes,yes,no,4,1,2,1,1,2,0,100,7,10,10
Rahul Kapoor113,GP,F,16,U,GT3,T,2,2,at_home,other,home,mother,1,2,1,yes,no,no,yes,yes,yes,yes,no,3,1,2,1,1,5,6,94,10,13,13
Sneha Kulkarni114,GP,M,15,U,LE3,T,4,2,teacher,other,course,mother,1,1,0,no,no,no,no,yes,yes,yes,no,3,5,2,1,1,3,10,90,18,19,19
Nikhil Mishra115,GP,M,15,R,GT3,T,2,1,health,services,reputation,mother,1,2,0,no,no,no,yes,yes,yes,yes,yes,5,4,2,1,1,5,8,92,9,9,9
Tanya Agarwal116,GP,M,16,U,GT3,T,4,4,teacher,teacher,course,father,1,2,0,no,yes,no,yes,yes,yes,yes,no,5,4,4,1,2,5,2,98,15,15,16
Yash Bhat117,GP,M,15,U,GT3,T,4,4,other,teacher,reputation,father,2,2,0,no,yes,no,yes,yes,yes,no,no,4,4,3,1,1,2,2,98,11,13,14
Riya Menon118,GP,M,16,U,GT3,T,3,3,other,services,home,father,2,1,0,no,no,no,yes,yes,yes,yes,no,5,4,2,1,1,5,0,100,13,14,13
Manav Saxena119,GP,M,17,R,GT3,T,1,3,other,other,course,father,3,2,1,no,yes,no,yes,yes,yes,yes,no,5,2,4,1,4,5,20,80,9,7,8
Kavya Jain120,GP,M,15,U,GT3,T,3,4,other,other,reputation,father,1,1,0,no,no,no,no,yes,yes,yes,no,3,4,3,1,2,4,6,94,14,13,13
Aarav Sharma121,GP,F,15,U,GT3,T,1,2,at_home,services,course,mother,1,2,0,no,no,no,no,no,yes,yes,no,3,2,3,1,2,1,2,98,16,15,15
Diya Patel122,GP,M,15,U,GT3,T,2,2,services,services,home,father,1,4,0,no,yes,yes,yes,yes,yes,yes,no,5,5,4,1,2,5,6,94,16,14,15
Ishaan Verma123,GP,F,16,U,LE3,T,2,4,other,health,course,father,2,2,0,no,yes,yes,yes,yes,yes,yes,yes,4,2,2,1,2,5,2,98,13,13,13
Ananya Gupta124,GP,M,16,U,GT3,T,4,4,health,other,course,mother,1,1,0,no,yes,no,yes,yes,yes,yes,no,3,4,4,1,4,5,18,82,14,11,13
Kabir Mehta125,GP,F,16,U,GT3,T,2,2,other,other,home,mother,1,2,0,no,no,yes,no,yes,yes,yes,yes,5,4,4,1,1,5,0,100,8,7,8
Meera Reddy126,GP,M,15,U,GT3,T,3,4,services,services,home,father,1,1,0,yes,no,no,no,yes,yes,yes,no,5,5,5,3,2,5,0,100,13,13,12
Rohan Nair127,GP,F,15,U,LE3,A,3,4,other,other,home,mother,1,2,0,yes,no,no,yes,yes,yes,yes,yes,5,3,2,1,1,1,0,100,7,10,11
Priya Khan128,GP,F,19,U,GT3,T,0,1,at_home,other,course,other,1,2,3,no,yes,no,no,no,no,no,no,3,4,2,1,1,5,2,98,7,8,9
Arjun Joshi129,GP,M,18,R,GT3,T,2,2,services,other,reputation,mother,1,1,2,no,yes,no,yes,yes,yes,yes,no,3,3,3,1,2,4,0,100,7,4,0
Sara Iyer130,GP,M,16,R,GT3,T,4,4,teacher,teacher,course,mother,1,1,0,no,no,yes,yes,yes,yes,yes,no,3,5,5,2,5,4,8,92,18,18,18
Vivaan Rao131,GP,F,15,R,GT3,T,3,4,services,teacher,course,father,2,3,2,no,yes,no,no,yes,yes,yes,yes,4,2,2,2,2,5,0,100,12,0,0
Aisha Singh132,GP,F,15,U,GT3,T,1,1,at_home,other,course,mother,3,1,0,no,yes,no,yes,no,yes,yes,yes,4,3,3,1,2,4,0,100,8,0,0
Karan Das133,GP,F,17,U,LE3,T,2,2,other,other,course,father,1,1,0,no,yes,no,no,yes,yes,yes,yes,3,4,4,1,3,5,12,88,10,13,12
Neha Malhotra134,GP,F,16,U,GT3,A,3,4,services,other,course,father,1,1,0,no,no,no,no,yes,yes,yes,no,3,2,1,1,4,5,16,84,12,11,11
Aditya Chopra135,GP,M,15,R,GT3,T,3,4,at_home,teacher,course,mother,4,2,0,no,yes,no,no,yes,yes,no,yes,5,3,3,1,1,5,0,100,9,0,0
Pooja Bose136,GP,F,15,U,GT3,T,4,4,services,at_home,course,mother,1,3,0,no,yes,no,yes,yes,yes,yes,yes,4,3,3,1,1,5,0,100,11,0,0
Rahul Kapoor137,GP,M,17,R,GT3,T,3,4,at_home,other,course,mother,3,2,0,no,no,no,no,yes,yes,no,no,5,4,5,2,4,5,0,100,10,0,0
Sneha Kulkarni138,GP,F,16,U,GT3,A,3,3,other,other,course,other,2,1,2,no,yes,no,yes,no,yes,yes,yes,4,3,2,1,1,5,0,100,4,0,0
Nikhil Mishra139,GP,M,16,U,LE3,T,1,1,services,other,course,mother,1,2,1,no,no,no,no,yes,yes,no,yes,4,4,4,1,3,5,0,100,14,12,12
Tanya Agarwal140,GP,F,15,U,GT3,T,4,4,teacher,teacher,course,mother,2,1,0,no,no,no,yes,yes,yes,yes,no,4,3,2,1,1,5,0,100,16,16,15
Yash Bhat141,GP,M,15,U,GT3,T,4,3,teacher,services,course,father,2,4,0,yes,yes,no,no,yes,yes,yes,no,2,2,2,1,1,3,0,100,7,9,0
Riya Menon142,GP,M,16,U,LE3,T,2,2,services,services,reputation,father,2,1,2,no,yes,no,yes,yes,yes,yes,no,2,3,3,2,2,2,8,92,9,9,9
Manav Saxena143,GP,F,15,U,GT3,T,4,4,teacher,services,course,mother,1,3,0,no,yes,yes,yes,yes,yes,yes,no,4,2,2,1,1,5,2,98,9,11,11
Kavya Jain144,GP,F,16,U,LE3,T,1,1,at_home,at_home,course,mother,1,1,0,no,no,no,no,yes,yes,yes,no,3,4,4,3,3,1,2,98,14,14,13
Aarav Sharma145,GP,M,17,U,GT3,T,2,1,other,other,home,mother,1,1,3,no,yes,no,no,yes,yes,yes,no,5,4,5,1,2,5,0,100,5,0,0
Diya Patel146,GP,F,15,U,GT3,T,1,1,other,services,course,father,1,2,0,no,yes,yes,no,yes,yes,yes,no,4,4,2,1,2,5,0,100,8,11,11
Ishaan Verma147,GP,F,15,U,GT3,T,3,2,health,services,home,father,1,2,3,no,yes,no,no,yes,yes,yes,no,3,3,2,1,1,3,0,100,6,7,0
Ananya Gupta148,GP,F,15,U,GT3,T,1,2,at_home,other,course,mother,1,2,0,no,yes,yes,no,no,yes,yes,no,4,3,2,1,1,5,2,98,10,11,11
Kabir Mehta149,GP,M,16,U,GT3,T,4,4,teacher,teacher,course,mother,1,1,0,no,yes,no,no,yes,no,yes,yes,3,3,2,2,1,5,0,100,7,6,0
Meera Reddy150,GP,M,15,U,LE3,A,2,1,services,other,course,mother,4,1,3,no,no,no,no,yes,yes,yes,no,4,5,5,2,5,5,0,100,8,9,10
Rohan Nair151,GP,M,18,U,LE3,T,1,1,other,other,course,mother,1,1,3,no,no,no,no,yes,no,yes,yes,2,3,5,2,5,4,0,100,6,5,0
Priya Khan152,GP,M,16,U,LE3,T,2,1,at_home,other,course,mother,1,1,1,no,no,no,yes,yes,yes,no,yes,4,4,4,3,5,5,6,94,12,13,14
Arjun Joshi153,GP,F,15,R,GT3,T,3,3,services,services,reputation,other,2,3,2,no,yes,yes,yes,yes,yes,yes,yes,4,2,1,2,3,3,8,92,10,10,10
Sara Iyer154,GP,M,19,U,GT3,T,3,2,services,at_home,home,mother,1,1,3,no,yes,no,no,yes,no,yes,yes,4,5,4,1,1,4,0,100,5,0,0
Vivaan Rao155,GP,F,17,U,GT3,T,4,4,other,teacher,course,mother,1,1,0,yes,yes,no,no,yes,yes,no,yes,4,2,1,1,1,4,0,100,11,11,12
Aisha Singh156,GP,M,15,R,GT3,T,2,3,at_home,services,course,mother,1,2,0,yes,no,yes,yes,yes,yes,no,no,4,4,4,1,1,1,2,98,11,8,8
Karan Das157,GP,M,17,R,LE3,T,1,2,other,other,reputation,mother,1,1,0,no,no,no,no,yes,yes,no,no,2,2,2,3,3,5,8,92,16,12,13
Neha Malhotra158,GP,F,18,R,GT3,T,1,1,at_home,other,course,mother,3,1,3,no,yes,no,yes,no,yes,no,no,5,2,5,1,5,4,6,94,9,8,10
Aditya Chopra159,GP,M,16,R,GT3,T,2,2,at_home,other,course,mother,3,1,0,no,no,no,no,no,yes,no,no,4,2,2,1,2,3,2,98,17,15,15
Pooja Bose160,GP,M,16,U,GT3,T,3,3,other,services,course,father,1,2,1,no,yes,yes,no,yes,yes,yes,yes,4,5,5,4,4,5,4,96,10,12,12
Rahul Kapoor161,GP,M,17,R,LE3,T,2,1,at_home,other,course,mother,2,1,2,no,no,no,yes,yes,no,yes,yes,3,3,2,2,2,5,0,100,7,6,0
Sneha Kulkarni162,GP,M,15,R,GT3,T,3,2,other,other,course,mother,2,2,2,yes,yes,no,no,yes,yes,yes,yes,4,4,4,1,4,3,6,94,5,9,7
Nikhil Mishra163,GP,M,16,U,LE3,T,1,2,other,other,course,mother,2,1,1,no,no,no,yes,yes,yes,no,no,4,4,4,2,4,5,0,100,7,0,0
Tanya Agarwal164,GP,M,17,U,GT3,T,1,3,at_home,services,course,father,1,1,0,no,no,no,no,yes,no,yes,no,5,3,3,1,4,2,2,98,10,10,10
Yash Bhat165,GP,M,17,R,LE3,T,1,1,other,services,course,mother,4,2,3,no,no,no,yes,yes,no,no,yes,5,3,5,1,5,5,0,100,5,8,7
Riya Menon166,GP,M,16,U,GT3,T,3,2,services,services,course,mother,2,1,1,no,yes,no,yes,no,no,no,no,4,5,2,1,1,2,16,84,12,11,12
Manav Saxena167,GP,M,16,U,GT3,T,2,2,other,other,course,father,1,2,0,no,no,no,no,yes,no,yes,no,4,3,5,2,4,4,4,96,10,10,10
Kavya Jain168,GP,F,16,U,GT3,T,4,2,health,services,home,father,1,2,0,no,no,yes,no,yes,yes,yes,yes,4,2,3,1,1,3,0,100,14,15,16
Aarav Sharma169,GP,F,16,U,GT3,T,2,2,other,other,home,mother,1,2,0,no,yes,yes,no,no,yes,yes,no,5,1,5,1,1,4,0,100,6,7,0
Diya Patel170,GP,F,16,U,GT3,T,4,4,health,health,reputation,mother,1,2,0,no,yes,yes,no,yes,yes,yes,yes,4,4,2,1,1,3,0,100,14,14,14
Ishaan Verma171,GP,M,16,U,GT3,T,3,4,other,other,course,father,3,1,2,no,yes,no,yes,no,yes,yes,no,3,4,5,2,4,2,0,100,6,5,0
Ananya Gupta172,GP,M,16,U,GT3,T,1,0,other,other,reputation,mother,2,2,0,no,yes,yes,yes,yes,yes,yes,yes,4,3,2,1,1,3,2,98,13,15,16
Kabir Mehta173,GP,M,17,U,LE3,T,4,4,teacher,other,reputation,mother,1,2,0,no,yes,yes,yes,yes,yes,yes,no,4,4,4,1,3,5,0,100,13,11,10
Meera Reddy174,GP,F,16,U,GT3,T,1,3,at_home,services,home,mother,1,2,3,no,no,no,yes,no,yes,yes,yes,4,3,5,1,1,3,0,100,8,7,0
Rohan Nair175,GP,F,16,U,LE3,T,3,3,other,other,reputation,mother,2,2,0,no,yes,yes,yes,yes,yes,yes,no,4,4,5,1,1,4,4,96,10,11,9
Priya Khan176,GP,M,17,U,LE3,T,4,3,teacher,other,course,mother,2,2,0,no,no,yes,yes,yes,yes,yes,no,4,4,4,4,4,4,4,96,10,9,9
Arjun Joshi177,GP,F,16,U,GT3,T,2,2,services,other,reputation,mother,2,2,0,no,no,yes,yes,no,yes,yes,no,3,4,4,1,4,5,2,98,13,13,11
Sara Iyer178,GP,M,17,U,GT3,T,3,3,other,other,reputation,father,1,2,0,no,no,no,yes,no,yes,yes,no,4,3,4,1,4,4,4,96,6,5,6
Vivaan Rao179,GP,M,16,R,GT3,T,4,2,teacher,services,other,mother,1,1,0,no,yes,no,yes,yes,yes,yes,yes,4,3,3,3,4,3,10,90,10,8,9
Aisha Singh180,GP,M,17,U,GT3,T,4,3,other,other,course,mother,1,2,0,no,yes,no,yes,yes,yes,yes,yes,5,2,3,1,1,2,4,96,10,10,11
Karan Das181,GP,M,16,U,GT3,T,4,3,teacher,other,home,mother,1,2,0,no,yes,yes,yes,yes,yes,yes,no,3,4,3,2,3,3,10,90,9,8,8
Neha Malhotra182,GP,M,16,U,GT3,T,3,3,services,other,home,mother,1,2,0,no,no,yes,yes,yes,yes,yes,yes,4,2,3,1,2,3,2,98,12,13,12
Aditya Chopra183,GP,F,17,U,GT3,T,2,4,services,services,reputation,father,1,2,0,no,yes,no,yes,yes,yes,no,no,5,4,2,2,3,5,0,100,16,17,17
Pooja Bose184,GP,F,17,U,LE3,T,3,3,other,other,reputation,mother,1,2,0,no,yes,no,yes,yes,yes,yes,yes,5,3,3,2,3,1,56,44,9,9,8
Rahul Kapoor185,GP,F,16,U,GT3,T,3,2,other,other,reputation,mother,1,2,0,no,yes,yes,no,yes,yes,yes,no,1,2,2,1,2,1,14,86,12,13,12
Sneha Kulkarni186,GP,M,17,U,GT3,T,3,3,services,services,other,mother,1,2,0,no,yes,no,yes,yes,yes,yes,yes,4,3,4,2,3,4,12,88,12,12,11
Nikhil Mishra187,GP,M,16,U,GT3,T,1,2,services,services,other,mother,1,1,0,no,yes,yes,yes,yes,yes,yes,yes,3,3,3,1,2,3,2,98,11,12,11
Tanya Agarwal188,GP,M,16,U,LE3,T,2,1,other,other,course,mother,1,2,0,no,no,yes,yes,yes,yes,yes,yes,4,2,3,1,2,5,0,100,15,15,15
Yash Bhat189,GP,F,17,U,GT3,A,3,3,health,other,reputation,mother,1,2,0,no,yes,no,no,no,yes,yes,yes,3,3,3,1,3,3,6,94,8,7,9
Riya Menon190,GP,M,17,R,GT3,T,1,2,at_home,other,home,mother,1,2,0,no,no,no,no,yes,yes,no,no,3,1,3,1,5,3,4,96,8,9,10
Manav Saxena191,GP,F,16,U,GT3,T,2,3,services,services,course,mother,1,2,0,no,no,no,no,yes,yes,yes,no,4,3,3,1,1,2,10,90,11,12,13
Kavya Jain192,GP,F,17,U,GT3,T,1,1,at_home,services,course,mother,1,2,0,no,no,no,yes,yes,yes,yes,no,5,3,3,1,1,3,0,100,8,8,9
Aarav Sharma193,GP,M,17,U,GT3,T,1,2,at_home,services,other,other,2,2,0,no,no,yes,yes,no,yes,yes,no,4,4,4,4,5,5,12,88,7,8,8
Diya Patel194,GP,M,16,R,GT3,T,3,3,services,services,reputation,mother,1,1,0,no,yes,no,yes,yes,yes,yes,no,4,3,2,3,4,5,8,92,8,9,10
Ishaan Verma195,GP,M,16,U,GT3,T,2,3,other,other,home,father,2,1,0,no,no,no,no,yes,yes,yes,no,5,3,3,1,1,3,0,100,13,14,14
Ananya Gupta196,GP,F,17,U,LE3,T,2,4,services,services,course,father,1,2,0,no,no,no,yes,yes,yes,yes,yes,4,3,2,1,1,5,0,100,14,15,15
Kabir Mehta197,GP,M,17,U,GT3,T,4,4,services,teacher,home,mother,1,1,0,no,no,no,no,yes,yes,yes,no,5,2,3,1,2,5,4,96,17,15,16
Meera Reddy198,GP,M,16,R,LE3,T,3,3,teacher,other,home,father,3,1,0,no,yes,yes,yes,yes,yes,yes,no,3,3,4,3,5,3,8,92,9,9,10
Rohan Nair199,GP,F,17,U,GT3,T,4,4,services,teacher,home,mother,2,1,1,no,yes,no,no,yes,yes,yes,no,4,2,4,2,3,2,24,76,18,18,18
Priya Khan200,GP,F,16,U,LE3,T,4,4,teacher,teacher,reputation,mother,1,2,0,no,yes,yes,no,yes,yes,yes,no,4,5,2,1,2,3,0,100,9,9,10
Arjun Joshi201,GP,F,16,U,GT3,T,4,3,health,other,home,mother,1,2,0,no,yes,no,yes,yes,yes,yes,no,4,3,5,1,5,2,2,98,16,16,16
Sara Iyer202,GP,F,16,U,GT3,T,2,3,other,other,reputation,mother,1,2,0,yes,yes,yes,yes,yes,yes,no,no,4,4,3,1,3,4,6,94,8,10,10
Vivaan Rao203,GP,F,17,U,GT3,T,1,1,other,other,course,mother,1,2,0,no,yes,yes,no,no,yes,no,no,4,4,4,1,3,1,4,96,9,9,10
Aisha Singh204,GP,F,17,R,GT3,T,2,2,other,other,reputation,mother,1,1,0,no,yes,no,no,yes,yes,yes,no,5,3,2,1,2,3,18,82,7,6,6
Karan Das205,GP,F,16,R,GT3,T,2,2,services,services,reputation,mother,2,4,0,no,yes,yes,yes,no,yes,yes,no,5,3,5,1,1,5,6,94,10,10,11
Neha Malhotra206,GP,F,17,U,GT3,T,3,4,at_home,services,home,mother,1,3,1,no,yes,yes,no,yes,yes,yes,yes,4,4,3,3,4,5,28,72,10,9,9
Aditya Chopra207,GP,F,16,U,GT3,A,3,1,services,other,course,mother,1,2,3,no,yes,yes,no,yes,yes,yes,no,2,3,3,2,2,4,5,95,7,7,7
Pooja Bose208,GP,F,16,U,GT3,T,4,3,teacher,other,other,mother,1,2,0,no,no,yes,yes,yes,yes,yes,yes,1,3,2,1,1,1,10,90,11,12,13
Rahul Kapoor209,GP,F,16,U,GT3,T,1,1,at_home,other,home,mother,2,1,0,no,yes,yes,no,yes,yes,no,no,4,3,2,1,4,5,6,94,9,9,10
Sneha Kulkarni210,GP,F,17,R,GT3,T,4,3,teacher,other,reputation,mother,2,3,0,no,yes,yes,yes,yes,yes,yes,yes,4,4,2,1,1,4,6,94,7,7,7
Nikhil Mishra211,GP,F,19,U,GT3,T,3,3,other,other,reputation,other,1,4,0,no,yes,yes,yes,yes,yes,yes,no,4,3,3,1,2,3,10,90,8,8,8
Tanya Agarwal212,GP,M,17,U,LE3,T,4,4,services,other,home,mother,1,2,0,no,yes,yes,no,yes,yes,yes,yes,5,3,5,4,5,3,13,87,12,12,13
Yash Bhat213,GP,F,16,U,GT3,A,2,2,other,other,reputation,mother,1,2,0,yes,yes,yes,no,yes,yes,yes,no,3,3,4,1,1,4,0,100,12,13,14
Riya Menon214,GP,M,18,U,GT3,T,2,2,services,other,home,mother,1,2,1,no,yes,yes,yes,yes,yes,yes,no,4,4,4,2,4,5,15,85,6,7,8
Manav Saxena215,GP,F,17,R,LE3,T,4,4,services,other,other,mother,1,1,0,no,yes,yes,no,yes,yes,no,no,5,2,1,1,2,3,12,88,8,10,10
Kavya Jain216,GP,F,17,U,LE3,T,3,2,other,other,reputation,mother,2,2,0,no,no,yes,no,yes,yes,yes,no,4,4,4,1,3,1,2,98,14,15,15
Aarav Sharma217,GP,F,17,U,GT3,T,4,3,other,other,reputation,mother,1,2,2,no,no,yes,no,yes,yes,yes,yes,3,4,5,2,4,1,22,78,6,6,4
Diya Patel218,GP,M,18,U,LE3,T,3,3,services,health,home,father,1,2,1,no,yes,yes,no,yes,yes,yes,no,3,2,4,2,4,4,13,87,6,6,8
Ishaan Verma219,GP,F,17,U,GT3,T,2,3,at_home,other,home,father,2,1,0,no,yes,yes,no,yes,yes,no,no,3,3,3,1,4,3,3,97,7,7,8
Ananya Gupta220,GP,F,17,U,GT3,T,2,2,at_home,at_home,course,mother,1,3,0,no,yes,yes,yes,yes,yes,yes,no,4,3,3,1,1,4,4,96,9,10,10
Kabir Mehta221,GP,F,17,R,GT3,T,2,1,at_home,services,reputation,mother,2,2,0,no,yes,no,yes,yes,yes,yes,no,4,2,5,1,2,5,2,98,6,6,6
Meera Reddy222,GP,F,17,U,GT3,T,1,1,at_home,other,reputation,mother,1,3,1,no,yes,no,yes,yes,yes,no,yes,4,3,4,1,1,5,0,100,6,5,0
Rohan Nair223,GP,F,16,U,GT3,T,2,3,services,teacher,other,mother,1,2,0,yes,no,no,no,yes,yes,yes,no,2,3,1,1,1,3,2,98,16,16,17
Priya Khan224,GP,M,18,U,GT3,T,2,2,other,other,home,mother,2,2,0,no,yes,yes,no,yes,yes,yes,no,3,3,3,5,5,4,0,100,12,13,13
Arjun Joshi225,GP,F,16,U,GT3,T,4,4,teacher,services,home,mother,1,3,0,no,yes,no,yes,no,yes,yes,no,5,3,2,1,1,5,0,100,13,13,14
Sara Iyer226,GP,F,18,R,GT3,T,3,1,other,other,reputation,mother,1,2,1,no,no,no,yes,yes,yes,yes,yes,5,3,3,1,1,4,16,84,9,8,7
Vivaan Rao227,GP,F,17,U,GT3,T,3,2,other,other,course,mother,1,2,0,no,no,no,yes,no,yes,yes,no,5,3,4,1,3,3,10,90,16,15,15
Aisha Singh228,GP,M,17,U,LE3,T,2,3,services,services,reputation,father,1,2,0,no,yes,yes,no,no,yes,yes,no,5,3,3,1,3,3,2,98,12,11,12
Karan Das229,GP,M,18,U,LE3,T,2,1,at_home,other,course,mother,4,2,0,yes,yes,yes,yes,yes,yes,yes,yes,4,3,2,4,5,3,14,86,10,8,9
Neha Malhotra230,GP,F,17,U,GT3,A,2,1,other,other,course,mother,2,3,0,no,no,no,yes,yes,yes,yes,yes,3,2,3,1,2,3,10,90,12,10,12
Aditya Chopra231,GP,F,17,U,LE3,T,4,3,health,other,reputation,father,1,2,0,no,no,no,yes,yes,yes,yes,yes,3,2,3,1,2,3,14,86,13,13,14
Pooja Bose232,GP,M,17,R,GT3,T,2,2,other,other,course,father,2,2,0,no,yes,yes,yes,yes,yes,yes,no,4,5,2,1,1,1,4,96,11,11,11
Rahul Kapoor233,GP,M,17,U,GT3,T,4,4,teacher,teacher,reputation,mother,1,2,0,yes,yes,no,yes,yes,yes,yes,yes,4,5,5,1,3,2,14,86,11,9,9
Sneha Kulkarni234,GP,M,16,U,GT3,T,4,4,health,other,reputation,father,1,2,0,no,yes,yes,yes,yes,yes,yes,no,4,2,4,2,4,1,2,98,14,13,13
Nikhil Mishra235,GP,M,16,U,LE3,T,1,1,other,other,home,mother,2,2,0,no,yes,yes,no,yes,yes,yes,no,3,4,2,1,1,5,18,82,9,7,6
Tanya Agarwal236,GP,M,16,U,GT3,T,3,2,at_home,other,reputation,mother,2,3,0,no,no,no,yes,yes,yes,yes,yes,5,3,3,1,3,2,10,90,11,9,10
Yash Bhat237,GP,M,17,U,LE3,T,2,2,other,other,home,father,1,2,0,no,no,yes,yes,no,yes,yes,yes,4,4,2,5,5,4,4,96,14,13,13
Riya Menon238,GP,F,16,U,GT3,T,2,1,other,other,home,mother,1,1,0,no,no,no,no,yes,yes,yes,yes,4,5,2,1,1,5,20,80,13,12,12
Manav Saxena239,GP,F,17,R,GT3,T,2,1,at_home,services,course,mother,3,2,0,no,no,no,yes,yes,yes,no,no,2,1,1,1,1,3,2,98,13,11,11
Kavya Jain240,GP,M,18,U,GT3,T,2,2,other,services,reputation,father,1,2,1,no,no,no,no,yes,no,yes,no,5,5,4,3,5,2,0,100,7,7,0
Aarav Sharma241,GP,M,17,U,LE3,T,4,3,health,other,course,mother,2,2,0,no,no,no,yes,yes,yes,yes,yes,2,5,5,1,4,5,14,86,12,12,12
Diya Patel242,GP,M,17,R,LE3,A,4,4,teacher,other,course,mother,2,2,0,no,yes,yes,no,yes,yes,yes,no,3,3,3,2,3,4,2,98,10,11,12
Ishaan Verma243,GP,M,16,U,LE3,T,4,3,teacher,other,course,mother,1,1,0,no,no,no,yes,no,yes,yes,no,5,4,5,1,1,3,0,100,6,0,0
Ananya Gupta244,GP,M,16,U,GT3,T,4,4,services,services,course,mother,1,1,0,no,no,no,yes,yes,yes,yes,no,5,3,2,1,2,5,0,100,13,12,12
Kabir Mehta245,GP,F,18,U,GT3,T,2,1,other,other,course,other,2,3,0,no,yes,yes,no,no,yes,yes,yes,4,4,4,1,1,3,0,100,7,0,0
Meera Reddy246,GP,M,16,U,GT3,T,2,1,other,other,course,mother,3,1,0,no,no,no,no,yes,yes,yes,no,4,3,3,1,1,4,6,94,18,18,18
Rohan Nair247,GP,M,17,U,GT3,T,2,3,other,other,course,father,2,1,0,no,no,no,no,yes,yes,yes,no,5,2,2,1,1,2,4,96,12,12,13
Priya Khan248,GP,M,22,U,GT3,T,3,1,services,services,other,mother,1,1,3,no,no,no,no,no,no,yes,yes,5,4,5,5,5,1,16,84,6,8,8
Arjun Joshi249,GP,M,18,R,LE3,T,3,3,other,services,course,mother,1,2,1,no,yes,no,no,yes,yes,yes,yes,4,3,3,1,3,5,8,92,3,5,5
Sara Iyer250,GP,M,16,U,GT3,T,0,2,other,other,other,mother,1,1,0,no,no,yes,no,no,yes,yes,no,4,3,2,2,4,5,0,100,13,15,15
Vivaan Rao251,GP,M,18,U,GT3,T,3,2,services,other,course,mother,2,1,1,no,no,no,no,yes,no,yes,no,4,4,5,2,4,5,0,100,6,8,8
Aisha Singh252,GP,M,16,U,GT3,T,3,3,at_home,other,reputation,other,3,2,0,yes,yes,no,no,no,yes,yes,no,5,3,3,1,3,2,6,94,7,10,10
Karan Das253,GP,M,18,U,GT3,T,2,1,services,services,other,mother,1,1,1,no,no,no,no,no,no,yes,no,3,2,5,2,5,5,4,96,6,9,8
Neha Malhotra254,GP,M,16,R,GT3,T,2,1,other,other,course,mother,2,1,0,no,no,no,yes,no,yes,no,no,3,3,2,1,3,3,0,100,8,9,8
Aditya Chopra255,GP,M,17,R,GT3,T,2,1,other,other,course,mother,1,1,0,no,no,no,no,no,yes,yes,no,4,4,2,2,4,5,0,100,8,12,12
Pooja Bose256,GP,M,17,U,LE3,T,1,1,health,other,course,mother,2,1,1,no,yes,no,yes,yes,yes,yes,no,4,4,4,1,2,5,2,98,7,9,8
Rahul Kapoor257,GP,F,17,U,LE3,T,4,2,teacher,services,reputation,mother,1,4,0,no,yes,yes,yes,yes,yes,yes,no,4,2,3,1,1,4,6,94,14,12,13
Sneha Kulkarni258,GP,M,19,U,LE3,A,4,3,services,at_home,reputation,mother,1,2,0,no,yes,no,no,yes,yes,yes,no,4,3,1,1,1,1,12,88,11,11,11
Nikhil Mishra259,GP,M,18,U,GT3,T,2,1,other,other,home,mother,1,2,0,no,no,no,yes,yes,yes,yes,no,5,2,4,1,2,4,8,92,15,14,14
Tanya Agarwal260,GP,F,17,U,LE3,T,2,2,services,services,course,father,1,4,0,no,no,yes,yes,yes,yes,yes,yes,3,4,1,1,1,2,0,100,10,9,0
Yash Bhat261,GP,F,18,U,GT3,T,4,3,services,other,home,father,1,2,0,no,yes,yes,no,yes,yes,yes,yes,3,1,2,1,3,2,21,79,17,18,18
Riya Menon262,GP,M,18,U,GT3,T,4,3,teacher,other,course,mother,1,2,0,no,yes,yes,no,no,yes,yes,no,4,3,2,1,1,3,2,98,8,8,8
Manav Saxena263,GP,M,18,R,GT3,T,3,2,other,other,course,mother,1,3,0,no,no,no,yes,no,yes,no,no,5,3,2,1,1,3,1,99,13,12,12
Kavya Jain264,GP,F,17,U,GT3,T,3,3,other,other,home,mother,1,3,0,no,no,no,yes,no,yes,no,no,3,2,3,1,1,4,4,96,10,9,9
Aarav Sharma265,GP,F,18,U,GT3,T,2,2,at_home,services,home,mother,1,3,0,no,yes,yes,yes,yes,yes,yes,yes,4,3,3,1,1,3,0,100,9,10,0
Diya Patel266,GP,M,18,R,LE3,A,3,4,other,other,reputation,mother,2,2,0,no,yes,yes,yes,yes,yes,yes,no,4,2,5,3,4,1,13,87,17,17,17
Ishaan Verma267,GP,M,17,U,GT3,T,3,1,services,other,other,mother,1,2,0,no,no,yes,yes,yes,yes,yes,yes,5,4,4,3,4,5,2,98,9,9,10
Ananya Gupta268,GP,F,18,R,GT3,T,4,4,teacher,other,reputation,mother,2,2,0,no,no,yes,yes,yes,yes,yes,no,4,3,4,2,2,4,8,92,12,10,11
Kabir Mehta269,GP,M,18,U,GT3,T,4,2,health,other,reputation,father,1,2,0,no,yes,yes,yes,yes,yes,yes,yes,5,4,5,1,3,5,10,90,10,9,10
Meera Reddy270,GP,F,18,R,GT3,T,2,1,other,other,reputation,mother,2,2,0,no,yes,no,no,yes,no,yes,yes,4,3,5,1,2,3,0,100,6,0,0
Rohan Nair271,GP,F,19,U,GT3,T,3,3,other,services,home,other,1,2,2,no,yes,yes,yes,yes,yes,yes,no,4,3,5,3,3,5,15,85,9,9,9
Priya Khan272,GP,F,18,U,GT3,T,2,3,other,services,reputation,father,1,4,0,no,yes,yes,yes,yes,yes,yes,yes,4,5,5,1,3,2,4,96,15,14,14
Arjun Joshi273,GP,F,18,U,LE3,T,1,1,other,other,home,mother,2,2,0,no,yes,yes,no,no,yes,no,no,4,4,3,1,1,3,2,98,11,11,11
Sara Iyer274,GP,M,17,R,GT3,T,1,2,at_home,at_home,home,mother,1,2,0,no,yes,yes,yes,no,yes,no,yes,3,5,2,2,2,1,2,98,15,14,14
Vivaan Rao275,GP,F,17,U,GT3,T,2,4,at_home,health,reputation,mother,2,2,0,no,yes,yes,no,yes,yes,yes,yes,4,3,3,1,1,1,2,98,10,10,10
Aisha Singh276,GP,F,17,U,LE3,T,2,2,services,other,course,mother,2,2,0,yes,yes,yes,no,yes,yes,yes,yes,4,4,4,2,3,5,6,94,12,12,12
Karan Das277,GP,F,18,R,GT3,A,3,2,other,services,home,mother,2,2,0,no,no,no,no,no,no,yes,yes,4,1,1,1,1,5,75,25,10,9,9
Neha Malhotra278,GP,M,18,U,GT3,T,4,4,teacher,services,home,mother,2,1,0,no,no,yes,yes,yes,yes,yes,no,3,2,4,1,4,3,22,78,9,9,9
Aditya Chopra279,GP,F,18,U,GT3,T,4,4,health,health,reputation,father,1,2,1,yes,yes,no,yes,yes,yes,yes,yes,2,4,4,1,1,4,15,85,9,8,8
Pooja Bose280,GP,M,18,U,LE3,T,4,3,teacher,services,course,mother,2,1,0,no,no,yes,yes,yes,yes,yes,no,4,2,3,1,2,1,8,92,10,11,10
Rahul Kapoor281,GP,M,17,U,LE3,A,4,1,services,other,home,mother,2,1,0,no,no,yes,yes,yes,yes,yes,yes,4,5,4,2,4,5,30,70,8,8,8
Sneha Kulkarni282,GP,M,17,U,LE3,A,3,2,teacher,services,home,mother,1,1,1,no,no,no,no,yes,yes,yes,no,4,4,4,3,4,3,19,81,11,9,10
Nikhil Mishra283,GP,F,18,R,LE3,T,1,1,at_home,other,reputation,mother,2,4,0,no,yes,yes,yes,yes,yes,no,no,5,2,2,1,1,3,1,99,12,12,12
Tanya Agarwal284,GP,F,18,U,GT3,T,1,1,other,other,home,mother,2,2,0,yes,no,no,yes,yes,yes,yes,no,5,4,4,1,1,4,4,96,8,9,10
Yash Bhat285,GP,F,17,U,GT3,T,2,2,other,other,course,mother,1,2,0,no,yes,no,no,no,yes,yes,no,5,4,5,1,2,5,4,96,10,9,11
Riya Menon286,GP,M,17,U,GT3,T,1,1,other,other,reputation,father,1,2,0,no,no,yes,no,no,yes,yes,no,4,3,3,1,2,4,2,98,12,10,11
Manav Saxena287,GP,F,18,U,GT3,T,2,2,at_home,at_home,other,mother,1,3,0,no,yes,yes,no,yes,yes,yes,no,4,3,3,1,2,2,5,95,18,18,19
Kavya Jain288,GP,F,17,U,GT3,T,1,1,services,teacher,reputation,mother,1,3,0,no,yes,yes,no,yes,yes,yes,no,4,3,3,1,1,3,6,94,13,12,12
Aarav Sharma289,GP,M,18,U,GT3,T,2,1,services,services,reputation,mother,1,3,0,no,no,yes,yes,yes,yes,yes,no,4,2,4,1,3,2,6,94,15,14,14
Diya Patel290,GP,M,18,U,LE3,A,4,4,teacher,teacher,reputation,mother,1,2,0,no,yes,yes,yes,yes,yes,yes,no,5,4,3,1,1,2,9,91,15,13,15
Ishaan Verma291,GP,M,18,U,GT3,T,4,2,teacher,other,home,mother,1,2,0,no,yes,yes,yes,yes,yes,yes,yes,4,3,2,1,4,5,11,89,12,11,11
Ananya Gupta292,GP,F,17,U,GT3,T,4,3,health,services,reputation,mother,1,3,0,no,yes,yes,no,yes,yes,yes,no,4,2,2,1,2,3,0,100,15,15,15
Kabir Mehta293,GP,F,18,U,LE3,T,2,1,services,at_home,reputation,mother,1,2,1,no,no,no,no,yes,yes,yes,yes,5,4,3,1,1,5,12,88,12,12,13
Meera Reddy294,GP,F,17,R,LE3,T,3,1,services,other,reputation,mother,2,4,0,no,yes,yes,no,yes,yes,no,no,3,1,2,1,1,3,6,94,18,18,18
Rohan Nair295,GP,M,18,R,LE3,T,3,2,services,other,reputation,mother,2,3,0,no,yes,yes,yes,yes,yes,yes,no,5,4,2,1,1,4,8,92,14,13,14
Priya Khan296,GP,M,17,U,GT3,T,3,3,health,other,home,mother,1,1,0,no,yes,yes,no,yes,yes,yes,no,4,4,3,1,3,5,4,96,14,12,11
Arjun Joshi297,GP,F,19,U,GT3,T,4,4,health,other,reputation,other,2,2,0,no,yes,yes,yes,yes,yes,yes,no,2,3,4,2,3,2,0,100,10,9,0
Sara Iyer298,GP,F,18,U,LE3,T,4,3,other,other,home,other,2,2,0,no,yes,yes,no,yes,yes,yes,yes,4,4,5,1,2,2,10,90,10,8,8
Vivaan Rao299,GP,F,18,U,GT3,T,4,3,other,other,reputation,father,1,4,0,no,yes,yes,no,yes,yes,yes,no,4,3,3,1,1,3,0,100,14,13,14
Aisha Singh300,GP,M,18,U,LE3,T,4,4,teacher,teacher,home,mother,1,1,0,no,yes,yes,no,yes,yes,yes,yes,1,4,2,2,2,1,5,95,16,15,16
Karan Das301,GP,F,18,U,LE3,A,4,4,health,other,home,mother,1,2,0,no,yes,no,no,yes,yes,yes,yes,4,2,4,1,1,4,14,86,12,10,11
Neha Malhotra302,GP,M,17,U,LE3,T,4,4,other,teacher,home,father,2,1,0,no,no,yes,no,yes,yes,yes,no,4,1,1,2,2,5,0,100,11,11,10
Aditya Chopra303,GP,F,17,U,GT3,T,4,2,other,other,reputation,mother,2,3,0,no,yes,yes,no,yes,yes,yes,no,4,3,3,1,1,3,0,100,15,12,14
Pooja Bose304,GP,F,17,U,GT3,T,3,2,health,health,reputation,father,1,4,0,no,yes,yes,yes,no,yes,yes,no,5,2,2,1,2,5,0,100,17,17,18
Rahul Kapoor305,GP,M,19,U,GT3,T,3,3,other,other,home,other,1,2,1,no,yes,no,yes,yes,yes,yes,yes,4,4,4,1,1,3,20,80,15,14,13
Sneha Kulkarni306,GP,F,18,U,GT3,T,2,4,services,at_home,reputation,other,1,2,1,no,yes,yes,yes,yes,yes,yes,no,4,4,3,1,1,3,8,92,14,12,12
Nikhil Mishra307,GP,M,20,U,GT3,A,3,2,services,other,course,other,1,1,0,no,no,no,yes,yes,yes,no,no,5,5,3,1,1,5,0,100,17,18,18
Tanya Agarwal308,GP,M,19,U,GT3,T,4,4,teacher,services,reputation,other,2,1,1,no,yes,yes,no,yes,yes,yes,yes,4,3,4,1,1,4,38,62,8,9,8
Yash Bhat309,GP,M,19,R,GT3,T,3,3,other,services,reputation,father,1,2,1,no,no,no,yes,yes,yes,no,yes,4,5,3,1,2,5,0,100,15,12,12
Riya Menon310,GP,F,19,U,LE3,T,1,1,at_home,other,reputation,other,1,2,1,yes,yes,no,yes,no,yes,yes,no,4,4,3,1,3,3,18,82,12,10,10
Manav Saxena311,GP,F,19,U,LE3,T,1,2,services,services,home,other,1,2,1,no,no,no,yes,no,yes,no,yes,4,2,4,2,2,3,0,100,9,9,0
Kavya Jain312,GP,F,19,U,GT3,T,2,1,at_home,other,other,other,3,2,0,no,yes,no,no,yes,no,yes,yes,3,4,1,1,1,2,20,80,14,12,13
Aarav Sharma313,GP,M,19,U,GT3,T,1,2,other,services,course,other,1,2,1,no,no,no,no,no,yes,yes,no,4,5,2,2,2,4,3,97,13,11,11
Diya Patel314,GP,F,19,U,LE3,T,3,2,services,other,reputation,other,2,2,1,no,yes,yes,no,no,yes,yes,yes,4,2,2,1,2,1,22,78,13,10,11
Ishaan Verma315,GP,F,19,U,GT3,T,1,1,at_home,health,home,other,1,3,2,no,no,no,no,no,yes,yes,yes,4,1,2,1,1,3,14,86,15,13,13
Ananya Gupta316,GP,F,19,R,GT3,T,2,3,other,other,reputation,other,1,3,1,no,no,no,no,yes,yes,yes,yes,4,1,2,1,1,3,40,60,13,11,11
Kabir Mehta317,GP,F,18,U,GT3,T,2,1,services,other,course,mother,2,2,0,no,yes,yes,yes,yes,yes,yes,no,5,3,3,1,2,1,0,100,8,8,0
Meera Reddy318,GP,F,18,U,GT3,T,4,3,other,other,course,mother,1,3,0,no,yes,yes,yes,yes,yes,yes,yes,4,3,4,1,1,5,9,91,9,10,9
Rohan Nair319,GP,F,17,R,GT3,T,3,4,at_home,services,course,father,1,3,0,no,yes,yes,yes,no,yes,yes,no,4,3,4,2,5,5,0,100,11,11,10
Priya Khan320,GP,F,18,U,GT3,T,4,4,teacher,other,course,mother,1,2,0,no,yes,yes,no,yes,yes,yes,no,4,4,4,3,3,5,2,98,11,11,11
Arjun Joshi321,GP,F,17,U,GT3,A,4,3,services,services,course,mother,1,2,0,no,yes,yes,no,yes,yes,yes,yes,5,2,2,1,2,5,23,77,13,13,13
Sara Iyer322,GP,F,17,U,GT3,T,2,2,other,other,course,mother,1,2,0,no,yes,no,no,yes,yes,no,yes,4,2,2,1,1,3,12,88,11,9,9
Vivaan Rao323,GP,F,17,R,LE3,T,2,2,services,services,course,mother,1,3,0,no,yes,yes,yes,yes,yes,yes,no,3,3,2,2,2,3,3,97,11,11,11
Aisha Singh324,GP,F,17,U,GT3,T,3,1,services,services,course,father,1,3,0,no,yes,no,no,no,yes,yes,no,3,4,3,2,3,5,1,99,12,14,15
Karan Das325,GP,F,17,U,LE3,T,0,2,at_home,at_home,home,father,2,3,0,no,no,no,no,yes,yes,yes,no,3,3,3,2,3,2,0,100,16,15,15
Neha Malhotra326,GP,M,18,U,GT3,T,4,4,other,other,course,mother,1,3,0,no,no,no,yes,yes,yes,yes,no,4,3,3,2,2,3,3,97,9,12,11
Aditya Chopra327,GP,M,17,U,GT3,T,3,3,other,services,reputation,mother,1,1,0,no,no,no,yes,no,yes,yes,no,4,3,5,3,5,5,3,97,14,15,16
Pooja Bose328,GP,M,17,R,GT3,T,2,2,services,other,course,mother,4,1,0,no,yes,no,no,yes,yes,yes,no,4,4,5,5,5,4,8,92,11,10,10
Rahul Kapoor329,GP,F,17,U,GT3,T,4,4,teacher,services,course,mother,1,3,0,no,yes,yes,yes,yes,yes,yes,no,5,4,4,1,3,4,7,93,10,9,9
Sneha Kulkarni330,GP,F,17,U,GT3,T,4,4,teacher,teacher,course,mother,2,3,0,no,yes,yes,no,no,yes,yes,yes,4,3,3,1,2,4,4,96,14,14,14
Nikhil Mishra331,GP,M,18,U,LE3,T,2,2,other,other,course,mother,1,4,0,no,yes,no,yes,yes,yes,yes,no,4,5,5,2,4,5,2,98,9,8,8
Tanya Agarwal332,GP,F,17,R,GT3,T,2,4,at_home,other,course,father,1,3,0,no,yes,no,no,yes,yes,yes,yes,4,4,3,1,1,5,7,93,12,14,14
Yash Bhat333,GP,F,18,U,GT3,T,3,3,services,services,home,mother,1,2,0,no,no,no,yes,yes,yes,yes,no,5,3,4,1,1,4,0,100,7,0,0
Riya Menon334,GP,F,18,U,LE3,T,2,2,other,other,home,other,1,2,0,no,no,no,yes,no,yes,yes,yes,4,3,3,1,1,2,0,100,8,8,0
Manav Saxena335,GP,F,18,R,GT3,T,2,2,at_home,other,course,mother,2,4,0,no,no,no,yes,yes,yes,no,no,4,4,4,1,1,4,0,100,10,9,0
Kavya Jain336,GP,F,17,U,GT3,T,3,4,services,other,course,mother,1,3,0,no,no,no,no,yes,yes,yes,no,4,4,5,1,3,5,16,84,16,15,15
Aarav Sharma337,GP,F,19,R,GT3,A,3,1,services,at_home,home,other,1,3,1,no,no,yes,no,yes,yes,no,no,5,4,3,1,2,5,12,88,14,13,13
Diya Patel338,GP,F,17,U,GT3,T,3,2,other,other,home,mother,1,2,0,no,yes,yes,no,yes,yes,yes,yes,4,3,2,2,3,2,0,100,7,8,0
Ishaan Verma339,GP,F,18,U,LE3,T,3,3,services,services,home,mother,1,4,0,no,yes,no,no,yes,yes,yes,no,5,3,3,1,1,1,7,93,16,15,17
Ananya Gupta340,GP,F,17,R,GT3,A,3,2,other,other,home,mother,1,2,0,no,yes,yes,no,yes,yes,yes,no,4,3,3,2,3,2,4,96,9,10,10
Kabir Mehta341,GP,F,19,U,GT3,T,2,1,services,services,home,other,1,3,1,no,no,yes,yes,yes,yes,yes,yes,4,3,4,1,3,3,4,96,11,12,11
Meera Reddy342,GP,M,18,U,GT3,T,4,4,teacher,services,home,father,1,2,1,no,yes,no,yes,yes,yes,yes,no,4,3,3,2,2,2,0,100,10,10,0
Rohan Nair343,GP,M,18,U,LE3,T,3,4,services,other,home,mother,1,2,0,no,no,no,yes,yes,yes,yes,yes,4,3,3,1,3,5,11,89,16,15,15
Priya Khan344,GP,F,17,U,GT3,A,2,2,at_home,at_home,home,father,1,2,1,no,yes,no,no,yes,yes,yes,yes,3,3,1,1,2,4,0,100,9,8,0
Arjun Joshi345,GP,F,18,U,GT3,T,2,3,at_home,other,course,mother,1,3,0,no,yes,no,no,yes,yes,yes,no,4,3,3,1,2,3,4,96,11,10,10
Sara Iyer346,GP,F,18,U,GT3,T,3,2,other,services,other,mother,1,3,0,no,no,no,no,yes,yes,yes,yes,5,4,3,2,3,1,7,93,13,13,14
Vivaan Rao347,GP,M,18,R,GT3,T,4,3,teacher,services,course,mother,1,3,0,no,no,no,no,yes,yes,yes,yes,5,3,2,1,2,4,9,91,16,15,16
Aisha Singh348,GP,M,18,U,GT3,T,4,3,teacher,other,course,mother,1,3,0,no,yes,yes,no,yes,yes,yes,yes,5,4,5,2,3,5,0,100,10,10,9
Karan Das349,GP,F,17,U,GT3,T,4,3,health,other,reputation,mother,1,3,0,no,yes,yes,yes,yes,yes,yes,yes,4,4,3,1,3,4,0,100,13,15,15
Neha Malhotra350,MS,M,18,R,GT3,T,3,2,other,other,course,mother,2,1,1,no,yes,no,no,no,yes,yes,no,2,5,5,5,5,5,10,90,11,13,13
Aditya Chopra351,MS,M,19,R,GT3,T,1,1,other,services,home,other,3,2,3,no,no,no,no,yes,yes,yes,no,5,4,4,3,3,2,8,92,8,7,8
Pooja Bose352,MS,M,17,U,GT3,T,3,3,health,other,course,mother,2,2,0,no,yes,yes,no,yes,yes,yes,no,4,5,4,2,3,3,2,98,13,13,13
Rahul Kapoor353,MS,M,18,U,LE3,T,1,3,at_home,services,course,mother,1,1,1,no,no,no,no,yes,no,yes,yes,4,3,3,2,3,3,7,93,8,7,8
Sneha Kulkarni354,MS,M,19,R,GT3,T,1,1,other,other,home,other,3,1,1,no,yes,no,no,yes,yes,yes,no,4,4,4,3,3,5,4,96,8,8,8
Nikhil Mishra355,MS,M,17,R,GT3,T,4,3,services,other,home,mother,2,2,0,no,yes,yes,yes,no,yes,yes,yes,4,5,5,1,3,2,4,96,13,11,11
Tanya Agarwal356,MS,F,18,U,GT3,T,3,3,services,services,course,father,1,2,0,no,yes,no,no,yes,yes,no,yes,5,3,4,1,1,5,0,100,10,9,9
Yash Bhat357,MS,F,17,R,GT3,T,4,4,teacher,services,other,father,2,2,0,no,yes,yes,yes,yes,yes,yes,no,4,3,3,1,2,5,4,96,12,13,13
Riya Menon358,MS,F,17,U,LE3,A,3,2,services,other,reputation,mother,2,2,0,no,no,no,no,yes,yes,no,yes,1,2,3,1,2,5,2,98,12,12,11
Manav Saxena359,MS,M,18,U,LE3,T,1,1,other,services,home,father,2,1,0,no,no,no,no,no,yes,yes,yes,3,3,2,1,2,3,4,96,10,10,10
Kavya Jain360,MS,F,18,U,LE3,T,1,1,at_home,services,course,father,2,3,0,no,no,no,no,yes,yes,yes,no,5,3,2,1,1,4,0,100,18,16,16
Aarav Sharma361,MS,F,18,R,LE3,A,1,4,at_home,other,course,mother,3,2,0,no,no,no,no,yes,yes,no,yes,4,3,4,1,4,5,0,100,13,13,13
Diya Patel362,MS,M,18,R,LE3,T,1,1,at_home,other,other,mother,2,2,1,no,no,no,yes,no,no,no,no,4,4,3,2,3,5,2,98,13,12,12
Ishaan Verma363,MS,F,18,U,GT3,T,3,3,services,services,other,mother,2,2,0,no,yes,no,no,yes,yes,yes,yes,4,3,2,1,3,3,0,100,11,11,10
Ananya Gupta364,MS,F,17,U,LE3,T,4,4,at_home,at_home,course,mother,1,2,0,no,yes,yes,yes,yes,yes,yes,yes,2,3,4,1,1,1,0,100,16,15,15
Kabir Mehta365,MS,F,17,R,GT3,T,1,2,other,services,course,father,2,2,0,no,no,no,no,no,yes,no,no,3,2,2,1,2,3,0,100,12,11,12
Meera Reddy366,MS,M,18,R,GT3,T,1,3,at_home,other,course,mother,2,2,0,no,yes,yes,no,yes,yes,no,no,3,3,4,2,4,3,4,96,10,10,10
Rohan Nair367,MS,M,18,U,LE3,T,4,4,teacher,services,other,mother,2,3,0,no,no,yes,no,yes,yes,yes,yes,4,2,2,2,2,5,0,100,13,13,13
Priya Khan368,MS,F,17,R,GT3,T,1,1,other,services,reputation,mother,3,1,1,no,yes,yes,no,yes,yes,yes,yes,5,2,1,1,2,1,0,100,7,6,0
Arjun Joshi369,MS,F,18,U,GT3,T,2,3,at_home,services,course,father,2,1,0,no,yes,yes,no,yes,yes,yes,yes,5,2,3,1,2,4,0,100,11,10,10
Sara Iyer370,MS,F,18,R,GT3,T,4,4,other,teacher,other,father,3,2,0,no,yes,yes,no,no,yes,yes,yes,3,2,2,4,2,5,10,90,14,12,11
Vivaan Rao371,MS,F,19,U,LE3,T,3,2,services,services,home,other,2,2,2,no,no,no,yes,yes,yes,no,yes,3,2,2,1,1,3,4,96,7,7,9
Aisha Singh372,MS,M,18,R,LE3,T,1,2,at_home,services,other,father,3,1,0,no,yes,yes,yes,yes,no,yes,yes,4,3,3,2,3,3,3,97,14,12,12
Karan Das373,MS,F,17,U,GT3,T,2,2,other,at_home,home,mother,1,3,0,no,no,no,yes,yes,yes,no,yes,3,4,3,1,1,3,8,92,13,11,11
Neha Malhotra374,MS,F,17,R,GT3,T,1,2,other,other,course,mother,1,1,0,no,no,no,yes,yes,yes,yes,no,3,5,5,1,3,1,14,86,6,5,5
Aditya Chopra375,MS,F,18,R,LE3,T,4,4,other,other,reputation,mother,2,3,0,no,no,no,no,yes,yes,yes,no,5,4,4,1,1,1,0,100,19,18,19
Pooja Bose376,MS,F,18,R,GT3,T,1,1,other,other,home,mother,4,3,0,no,no,no,no,yes,yes,yes,no,4,3,2,1,2,4,2,98,8,8,10
Rahul Kapoor377,MS,F,20,U,GT3,T,4,2,health,other,course,other,2,3,2,no,yes,yes,no,no,yes,yes,yes,5,4,3,1,1,3,4,96,15,14,15
Sneha Kulkarni378,MS,F,18,R,LE3,T,4,4,teacher,services,course,mother,1,2,0,no,no,yes,yes,yes,yes,yes,no,5,4,3,3,4,2,4,96,8,9,10
Nikhil Mishra379,MS,F,18,U,GT3,T,3,3,other,other,home,mother,1,2,0,no,no,yes,no,yes,yes,yes,yes,4,1,3,1,2,1,0,100,15,15,15
Tanya Agarwal380,MS,F,17,R,GT3,T,3,1,at_home,other,reputation,mother,1,2,0,no,yes,yes,yes,no,yes,yes,no,4,5,4,2,3,1,17,83,10,10,10
Yash Bhat381,MS,M,18,U,GT3,T,4,4,teacher,teacher,home,father,1,2,0,no,no,yes,yes,no,yes,yes,no,3,2,4,1,4,2,4,96,15,14,14
Riya Menon382,MS,M,18,R,GT3,T,2,1,other,other,other,mother,2,1,0,no,no,no,yes,no,yes,yes,yes,4,4,3,1,3,5,5,95,7,6,7
Manav Saxena383,MS,M,17,U,GT3,T,2,3,other,services,home,father,2,2,0,no,no,no,yes,yes,yes,yes,no,4,4,3,1,1,3,2,98,11,11,10
Kavya Jain384,MS,M,19,R,GT3,T,1,1,other,services,other,mother,2,1,1,no,no,no,no,yes,yes,no,no,4,3,2,1,3,5,0,100,6,5,0
Aarav Sharma385,MS,M,18,R,GT3,T,4,2,other,other,home,father,2,1,1,no,no,yes,no,yes,yes,no,no,5,4,3,4,3,3,14,86,6,5,5
Diya Patel386,MS,F,18,R,GT3,T,2,2,at_home,other,other,mother,2,3,0,no,no,yes,no,yes,yes,no,no,5,3,3,1,3,4,2,98,10,9,10
Ishaan Verma387,MS,F,18,R,GT3,T,4,4,teacher,at_home,reputation,mother,3,1,0,no,yes,yes,yes,yes,yes,yes,yes,4,4,3,2,2,5,7,93,6,5,6
Ananya Gupta388,MS,F,19,R,GT3,T,2,3,services,other,course,mother,1,3,1,no,no,no,yes,no,yes,yes,no,5,4,2,1,2,5,0,100,7,5,0
Kabir Mehta389,MS,F,18,U,LE3,T,3,1,teacher,services,course,mother,1,2,0,no,yes,yes,no,yes,yes,yes,no,4,3,4,1,1,1,0,100,7,9,8
Meera Reddy390,MS,F,18,U,GT3,T,1,1,other,other,course,mother,2,2,1,no,no,no,yes,yes,yes,no,no,1,1,1,1,1,5,0,100,6,5,0
Rohan Nair391,MS,M,20,U,LE3,A,2,2,services,services,course,other,1,2,2,no,yes,yes,no,yes,yes,no,no,5,5,4,4,5,4,11,89,9,9,9
Priya Khan392,MS,M,17,U,LE3,T,3,1,services,services,course,mother,2,1,0,no,no,no,no,no,yes,yes,no,2,4,5,3,4,2,3,97,14,16,16
Arjun Joshi393,MS,M,21,R,GT3,T,1,1,other,other,course,other,1,1,3,no,no,no,no,no,yes,no,no,5,5,3,3,3,3,3,97,10,8,7
Sara Iyer394,MS,M,18,R,LE3,T,3,2,services,other,course,mother,3,1,0,no,no,no,no,no,yes,yes,no,4,4,1,3,4,5,0,100,11,12,10
Vivaan Rao395,MS,M,19,U,LE3,T,1,1,other,at_home,course,father,1,1,0,no,no,no,no,yes,yes,yes,no,3,2,3,3,3,5,5,95,8,9,9
